1, 관리자, gudrjsdn8825@naver.com, asdfasdf, 010-3206-9311, true, 10000000402, java 객체지향, 관리자, 30000, 0, 200, 보통
1, 관리자, gudrjsdn8825@naver.com, asdfasdf, 010-3206-9311, true, 10000000403, C++ 객체지향, 관리자, 25000, 0, 300, 어려움
1, 관리자, gudrjsdn8825@naver.com, asdfasdf, 010-3206-9311, true, 10000000404, C++ 알고리즘 분석, 관리자, 50000, 0, 300, 어려움
1, 관리자, gudrjsdn8825@naver.com, asdfasdf, 010-3206-9311, true, 10000000406, 자바스크립트 알고리즘 원리, 관리자, 25000, 0, 200, 보통
1, 관리자, gudrjsdn8825@naver.com, asdfasdf, 010-3206-9311, true, 10000000407, 타입스크립트 문법, 관리자, 40000, 0, 300, 어려움
1, 관리자, gudrjsdn8825@naver.com, asdfasdf, 010-3206-9311, true, 10000000408, 컴퓨터구조론, 관리자, 40000, 0, 300, 어려움
1, 관리자, gudrjsdn8825@naver.com, asdfasdf, 010-3206-9311, true, 10000000409, 마이크로 프로그래밍, 관리자, 10000, 0, 20, 어려움
1, 관리자, gudrjsdn8825@naver.com, asdfasdf, 010-3206-9311, true, 10000000410, 인피니트 프로그래밍, 관리자, 30000, 0, 300, 어려움
2, 강민준, kang.mj@example.com, pass1234, 010-1234-5678, true, 10000000101, API 게이트웨이 구현, 강민준, 70000, 0, 170, 어려움
2, 강민준, kang.mj@example.com, pass1234, 010-1234-5678, true, 10000000102, 고급 C++ 알고리즘, 강민준, 65000, 0, 150, 어려움
2, 강민준, kang.mj@example.com, pass1234, 010-1234-5678, true, 10000000202, 리액트 라우팅, 강민준, 40000, 0, 70, 보통
2, 강민준, kang.mj@example.com, pass1234, 010-1234-5678, true, 10000000302, C++ 멀티스레딩, 강민준, 60000, 0, 140, 어려움
3, 김서연, kim.sy@example.com, pass5678, 010-2345-6789, false, 10000000002, C++ 고급 프로그래밍, 김서연, 45000, 0, 80, 어려움
3, 김서연, kim.sy@example.com, pass5678, 010-2345-6789, false, 10000000103, 자바스크립트 최적화, 김서연, 55000, 0, 110, 보통
3, 김서연, kim.sy@example.com, pass5678, 010-2345-6789, false, 10000000203, 타입스크립트 실전, 김서연, 45000, 0, 90, 보통
3, 김서연, kim.sy@example.com, pass5678, 010-2345-6789, false, 10000000303, 자바스크립트 비동기, 김서연, 50000, 0, 100, 보통
4, 박도윤, park.dy@example.com, pass9012, 010-3456-7890, false, 10000000003, 자바스크립트 웹 개발, 박도윤, 50000, 0, 120, 보통
4, 박도윤, park.dy@example.com, pass9012, 010-3456-7890, false, 10000000104, 파이썬 고급 데이터 시각화, 박도윤, 48000, 0, 100, 보통
4, 박도윤, park.dy@example.com, pass9012, 010-3456-7890, false, 10000000204, 자바 웹 개발, 박도윤, 50000, 0, 110, 보통
4, 박도윤, park.dy@example.com, pass9012, 010-3456-7890, false, 10000000304, 파이썬 웹 개발 Django, 박도윤, 55000, 0, 130, 보통
5, 이하은, lee.he@example.com, pass3456, 010-4567-8901, true, 10000000004, 파이썬 데이터 분석, 이하은, 40000, 0, 100, 쉬움
5, 이하은, lee.he@example.com, pass3456, 010-4567-8901, true, 10000000105, C++ STL 완벽 가이드, 이하은, 70000, 0, 180, 어려움
5, 이하은, lee.he@example.com, pass3456, 010-4567-8901, true, 10000000205, 파이썬 웹 스크래핑, 이하은, 35000, 0, 60, 쉬움
5, 이하은, lee.he@example.com, pass3456, 010-4567-8901, true, 10000000305, C++ 모던 문법, 이하은, 72000, 0, 180, 어려움
6, 정시우, jung.sw@example.com, pass7890, 010-5678-9012, false, 10000000005, 알고리즘 첫걸음, 정시우, 35000, 0, 70, 보통
6, 정시우, jung.sw@example.com, pass7890, 010-5678-9012, false, 10000000106, 코틀린 안드로이드 개발, 정시우, 60000, 0, 130, 보통
6, 정시우, jung.sw@example.com, pass7890, 010-5678-9012, false, 10000000206, 자료구조 심화, 정시우, 60000, 0, 150, 어려움
6, 정시우, jung.sw@example.com, pass7890, 010-5678-9012, false, 10000000306, 자료구조 활용, 정시우, 62000, 0, 150, 어려움
7, 최지우, choi.jw@example.com, pass2345, 010-6789-0123, false, 10000000006, 자료구조 마스터, 최지우, 60000, 1, 150, 어려움
7, 최지우, choi.jw@example.com, pass2345, 010-6789-0123, false, 10000000107, 디자인 패턴 실전, 최지우, 65000, 1, 160, 어려움
7, 최지우, choi.jw@example.com, pass2345, 010-6789-0123, false, 10000000207, 머신러닝 실전, 최지우, 75000, 0, 190, 어려움
7, 최지우, choi.jw@example.com, pass2345, 010-6789-0123, false, 10000000307, 머신러닝 라이브러리, 최지우, 82000, 0, 200, 어려움
8, 조은서, jo.es@example.com, pass6789, 010-7890-1234, true, 10000000007, 머신러닝 기초, 조은서, 70000, 0, 180, 어려움
8, 조은서, jo.es@example.com, pass6789, 010-7890-1234, true, 10000000108, 딥러닝 개념과 활용, 조은서, 80000, 0, 200, 어려움
8, 조은서, jo.es@example.com, pass6789, 010-7890-1234, true, 10000000208, 안드로이드 UI/UX, 조은서, 50000, 0, 100, 보통
8, 조은서, jo.es@example.com, pass6789, 010-7890-1234, true, 10000000308, 안드로이드 테스트, 조은서, 52000, 0, 110, 보통
9, 윤준서, yoon.js@example.com, pass1234, 010-8901-2345, false, 10000000008, 안드로이드 앱 개발, 윤준서, 55000, 0, 130, 보통
9, 윤준서, yoon.js@example.com, pass1234, 010-8901-2345, false, 10000000109, 모바일 UI/UX 기초, 윤준서, 40000, 0, 70, 쉬움
9, 윤준서, yoon.js@example.com, pass1234, 010-8901-2345, false, 10000000209, SQL 고급 쿼리, 윤준서, 40000, 0, 80, 보통
9, 윤준서, yoon.js@example.com, pass1234, 010-8901-2345, false, 10000000309, SQL 인덱스 최적화, 윤준서, 42000, 0, 80, 보통
10, 장예원, jang.yw@example.com, pass5678, 010-9012-3456, false, 10000000009, SQL 데이터베이스, 장예원, 30000, 0, 60, 쉬움
10, 장예원, jang.yw@example.com, pass5678, 010-9012-3456, false, 10000000110, NoSQL 데이터 모델링, 장예원, 55000, 0, 120, 보통
10, 장예원, jang.yw@example.com, pass5678, 010-9012-3456, false, 10000000210, 반응형 웹 프레임워크, 장예원, 45000, 0, 90, 보통
10, 장예원, jang.yw@example.com, pass5678, 010-9012-3456, false, 10000000310, 반응형 웹 고급, 장예원, 48000, 0, 90, 보통
11, 임예준, lim.yj@example.com, pass9012, 010-0123-4567, true, 10000000010, 반응형 웹 디자인, 임예준, 40000, 0, 90, 보통
11, 임예준, lim.yj@example.com, pass9012, 010-0123-4567, true, 10000000111, 클라우드 아키텍처 설계, 임예준, 75000, 0, 190, 어려움
11, 임예준, lim.yj@example.com, pass9012, 010-0123-4567, true, 10000000211, iOS 네트워킹, 임예준, 68000, 0, 170, 어려움
11, 임예준, lim.yj@example.com, pass9012, 010-0123-4567, true, 10000000311, iOS 앱 배포, 임예준, 70000, 0, 170, 어려움
12, 한수민, han.sm@example.com, pass3456, 010-1122-3344, false, 10000000011, iOS 앱 개발 심화, 한수민, 65000, 0, 170, 어려움
12, 한수민, han.sm@example.com, pass3456, 010-1122-3344, false, 10000000112, 프론트엔드 빌드 시스템, 한수민, 50000, 0, 90, 보통
12, 한수민, han.sm@example.com, pass3456, 010-1122-3344, false, 10000000212, 네트워크 트러블슈팅, 한수민, 55000, 0, 120, 보통
12, 한수민, han.sm@example.com, pass3456, 010-1122-3344, false, 10000000312, 네트워크 프로토콜, 한수민, 58000, 0, 130, 보통
13, 오서진, oh.sj@example.com, pass7890, 010-2233-4455, false, 10000000012, 네트워크 보안 개론, 오서진, 50000, 0, 110, 보통
13, 오서진, oh.sj@example.com, pass7890, 010-2233-4455, false, 10000000113, 네트워크 가상화, 오서진, 60000, 0, 140, 보통
13, 오서진, oh.sj@example.com, pass7890, 010-2233-4455, false, 10000000213, 클라우드 마이그레이션, 오서진, 80000, 0, 200, 어려움
13, 오서진, oh.sj@example.com, pass7890, 010-2233-4455, false, 10000000313, 클라우드 비용 관리, 오서진, 78000, 0, 190, 어려움
14, 송유진, song.yj@example.com, pass2345, 010-3344-5566, true, 10000000013, 클라우드 컴퓨팅, 송유진, 75000, 0, 200, 어려움
14, 송유진, song.yj@example.com, pass2345, 010-3344-5566, true, 10000000114, 데이터베이스 보안 심화, 송유진, 65000, 0, 170, 어려움
14, 송유진, song.yj@example.com, pass2345, 010-3344-5566, true, 10000000214, 프론트엔드 테스트, 송유진, 42000, 0, 80, 쉬움
14, 송유진, song.yj@example.com, pass2345, 010-3344-5566, true, 10000000314, 프론트엔드 성능, 송유진, 45000, 0, 90, 보통
15, 신민지, shin.mj@example.com, pass6789, 010-4455-6677, false, 10000000014, 프론트엔드 프레임워크, 신민지, 48000, 0, 100, 보통
15, 신민지, shin.mj@example.com, pass6789, 010-4455-6677, false, 10000000115, 리액트 고급 컴포넌트, 신민지, 52000, 0, 100, 보통
15, 신민지, shin.mj@example.com, pass6789, 010-4455-6677, false, 10000000215, 백엔드 성능 최적화, 신민지, 60000, 0, 150, 어려움
15, 신민지, shin.mj@example.com, pass6789, 010-4455-6677, false, 10000000315, 백엔드 로드 밸런싱, 신민지, 65000, 0, 160, 어려움
16, 권동현, kwon.dh@example.com, pass1234, 010-5566-7788, false, 10000000015, 백엔드 API 설계, 권동현, 52000, 0, 140, 어려움
16, 권동현, kwon.dh@example.com, pass1234, 010-5566-7788, false, 10000000116, 웹 어셈블리 개요, 권동현, 45000, 0, 80, 쉬움
16, 권동현, kwon.dh@example.com, pass1234, 010-5566-7788, false, 10000000216, 게임 개발 그래픽스, 권동현, 70000, 0, 180, 어려움
16, 권동현, kwon.dh@example.com, pass1234, 010-5566-7788, false, 10000000316, 게임 개발 물리 엔진, 권동현, 75000, 0, 180, 어려움
17, 문채원, moon.cw@example.com, pass5678, 010-6677-8899, true, 10000000016, 게임 개발 유니티, 문채원, 58000, 0, 160, 어려움
17, 문채원, moon.cw@example.com, pass5678, 010-6677-8899, true, 10000000117, 유니티 3D 게임 프로그래밍, 문채원, 70000, 0, 180, 어려움
17, 문채원, moon.cw@example.com, pass5678, 010-6677-8899, true, 10000000217, 인공지능 법률, 문채원, 30000, 0, 50, 쉬움
17, 문채원, moon.cw@example.com, pass5678, 010-6677-8899, true, 10000000317, 인공지능 미래, 문채원, 35000, 0, 60, 쉬움
18, 강하준, kang.hj@example.com, pass9012, 010-7788-9900, false, 10000000017, 인공지능 윤리, 강하준, 32000, 0, 50, 쉬움
18, 강하준, kang.hj@example.com, pass9012, 010-7788-9900, false, 10000000118, 인공지능 윤리 실습, 강하준, 38000, 0, 60, 쉬움
18, 강하준, kang.hj@example.com, pass9012, 010-7788-9900, false, 10000000218, 빅데이터 실시간 처리, 강하준, 65000, 0, 160, 어려움
18, 강하준, kang.hj@example.com, pass9012, 010-7788-9900, false, 10000000318, 빅데이터 보안, 강하준, 70000, 0, 170, 어려움
19, 김아윤, kim.ay@example.com, pass3456, 010-8899-0011, false, 10000000018, 빅데이터 분석 입문, 김아윤, 62000, 0, 130, 보통
19, 김아윤, kim.ay@example.com, pass3456, 010-8899-0011, false, 10000000119, 데이터 엔지니어링 파이프라인, 김아윤, 75000, 0, 190, 어려움
19, 김아윤, kim.ay@example.com, pass3456, 010-8899-0011, false, 10000000219, 웹 보안 방어, 김아윤, 78000, 0, 190, 어려움
19, 김아윤, kim.ay@example.com, pass3456, 010-8899-0011, false, 10000000319, 웹 보안 스캔, 김아윤, 80000, 0, 200, 어려움
20, 박건우, park.gw@example.com, pass7890, 010-9900-1122, true, 10000000019, 웹 보안 취약점 분석, 박건우, 68000, 0, 190, 어려움
20, 박건우, park.gw@example.com, pass7890, 010-9900-1122, true, 10000000120, 침투 테스트 전문가 과정, 박건우, 85000, 0, 200, 어려움
20, 박건우, park.gw@example.com, pass7890, 010-9900-1122, true, 10000000220, Linux 서버 관리, 박건우, 40000, 0, 70, 보통
20, 박건우, park.gw@example.com, pass7890, 010-9900-1122, true, 10000000320, Linux 스크립트, 박건우, 42000, 0, 80, 쉬움
21, 이채민, lee.cm@example.com, pass2345, 010-0011-2233, false, 10000000020, 리눅스 시스템 관리, 이채민, 38000, 0, 70, 보통
21, 이채민, lee.cm@example.com, pass2345, 010-0011-2233, false, 10000000121, Linux 커널 프로그래밍, 이채민, 60000, 0, 150, 어려움
21, 이채민, lee.cm@example.com, pass2345, 010-0011-2233, false, 10000000221, 도커 컴포즈, 이채민, 70000, 0, 170, 어려움
21, 이채민, lee.cm@example.com, pass2345, 010-0011-2233, false, 10000000321, 도커 네트워크, 이채민, 72000, 0, 180, 어려움
22, 정다은, jung.de@example.com, pass6789, 010-1010-2020, false, 10000000021, 도커와 쿠버네티스, 정다은, 72000, 0, 170, 어려움
22, 정다은, jung.de@example.com, pass6789, 010-1010-2020, false, 10000000122, Jenkins CI/CD 심화, 정다은, 78000, 0, 180, 어려움
22, 정다은, jung.de@example.com, pass6789, 010-1010-2020, false, 10000000222, 소프트웨어 배포, 정다은, 48000, 0, 100, 보통
22, 정다은, jung.de@example.com, pass6789, 010-1010-2020, false, 10000000322, 소프트웨어 유지보수, 정다은, 50000, 0, 100, 보통
23, 최준혁, choi.jh@example.com, pass1234, 010-3030-4040, true, 10000000022, 소프트웨어 테스팅, 최준혁, 42000, 0, 90, 보통
23, 최준혁, choi.jh@example.com, pass1234, 010-3030-4040, true, 10000000123, 애자일 프로젝트 관리, 최준혁, 45000, 0, 90, 보통
23, 최준혁, choi.jh@example.com, pass1234, 010-3030-4040, true, 10000000223, 컴퓨터 비전 프로젝트, 최준혁, 85000, 0, 200, 어려움
23, 최준혁, choi.jh@example.com, pass1234, 010-3030-4040, true, 10000000323, 컴퓨터 비전 고급, 최준혁, 90000, 0, 200, 어려움
24, 조민서, jo.ms@example.com, pass5678, 010-5050-6060, false, 10000000023, 컴퓨터 비전 개론, 조민서, 80000, 0, 200, 어려움
24, 조민서, jo.ms@example.com, pass5678, 010-5050-6060, false, 10000000124, 컴퓨터 비전 응용, 조민서, 90000, 0, 200, 어려움
24, 조민서, jo.ms@example.com, pass5678, 010-5050-6060, false, 10000000224, Git 브랜치 전략, 조민서, 28000, 0, 40, 쉬움
24, 조민서, jo.ms@example.com, pass5678, 010-5050-6060, false, 10000000324, Git 리베이스, 조민서, 30000, 0, 50, 쉬움
25, 윤지아, yoon.ja@example.com, pass9012, 010-7070-8080, false, 10000000024, Git 버전 관리, 윤지아, 25000, 0, 40, 쉬움
25, 윤지아, yoon.ja@example.com, pass9012, 010-7070-8080, false, 10000000125, Git 고급 활용, 윤지아, 30000, 0, 50, 쉬움
25, 윤지아, yoon.ja@example.com, pass9012, 010-7070-8080, false, 10000000225, Spring Security, 윤지아, 60000, 0, 150, 어려움
25, 윤지아, yoon.ja@example.com, pass9012, 010-7070-8080, false, 10000000325, Spring RESTful API, 윤지아, 62000, 0, 150, 보통
26, 장승우, jang.sw@example.com, pass3456, 010-9090-0000, true, 10000000025, 스프링 프레임워크, 장승우, 55000, 0, 120, 보통
26, 장승우, jang.sw@example.com, pass3456, 010-9090-0000, true, 10000000126, Spring Boot 마이크로서비스, 장승우, 65000, 0, 160, 어려움
26, 장승우, jang.sw@example.com, pass3456, 010-9090-0000, true, 10000000226, 임베디드 네트워크, 장승우, 65000, 0, 160, 어려움
26, 장승우, jang.sw@example.com, pass3456, 010-9090-0000, true, 10000000326, 임베디드 디버깅, 장승우, 68000, 0, 160, 어려움
27, 임유나, lim.yn@example.com, pass7890, 010-1212-3434, false, 10000000026, 임베디드 시스템, 임유나, 60000, 0, 150, 어려움
27, 임유나, lim.yn@example.com, pass7890, 010-1212-3434, false, 10000000127, 임베디드 리눅스, 임유나, 70000, 0, 170, 어려움
27, 임유나, lim.yn@example.com, pass7890, 010-1212-3434, false, 10000000227, 데이터베이스 백업/복구, 임유나, 50000, 0, 110, 보통
27, 임유나, lim.yn@example.com, pass7890, 010-1212-3434, false, 10000000327, 데이터베이스 캐싱, 임유나, 52000, 0, 110, 보통
28, 한재원, han.jw@example.com, pass2345, 010-5656-7878, false, 10000000027, 데이터베이스 최적화, 한재원, 48000, 0, 100, 보통
28, 한재원, han.jw@example.com, pass2345, 010-5656-7878, false, 10000000128, 데이터베이스 튜닝, 한재원, 55000, 0, 120, 보통
28, 한재원, han.jw@example.com, pass2345, 010-5656-7878, false, 10000000228, SPA 개발, 한재원, 45000, 0, 90, 보통
28, 한재원, han.jw@example.com, pass2345, 010-5656-7878, false, 10000000328, PWA 푸시 알림, 한재원, 47000, 0, 90, 보통
29, 오서아, oh.sa@example.com, pass6789, 010-9090-1010, true, 10000000028, PWA 개발, 오서아, 43000, 0, 80, 보통
29, 오서아, oh.sa@example.com, pass6789, 010-9090-1010, true, 10000000129, PWA 오프라인 기능 구현, 오서아, 48000, 0, 100, 보통
29, 오서아, oh.sa@example.com, pass6789, 010-9090-1010, true, 10000000229, 사이버 위협 분석, 오서아, 55000, 0, 130, 보통
29, 오서아, oh.sa@example.com, pass6789, 010-9090-1010, true, 10000000329, 사이버 위협 방어, 오서아, 60000, 0, 140, 보통
30, 송윤서, song.ys@example.com, pass1234, 010-2020-3030, false, 10000000029, 사이버 보안 기초, 송윤서, 52000, 0, 110, 보통
30, 송윤서, song.ys@example.com, pass1234, 010-2020-3030, false, 10000000130, 보안 코딩 가이드라인, 송윤서, 60000, 0, 140, 보통
30, 송윤서, song.ys@example.com, pass1234, 010-2020-3030, false, 10000000230, 블록체인 응용 개발, 송윤서, 75000, 0, 180, 어려움
30, 송윤서, song.ys@example.com, pass1234, 010-2020-3030, false, 10000000330, 블록체인 응용 사례, 송윤서, 80000, 0, 190, 어려움
31, 신우진, shin.wj@example.com, pass5678, 010-4040-5050, false, 10000000030, 블록체인 기술 이해, 신우진, 70000, 0, 160, 어려움
31, 신우진, shin.wj@example.com, pass5678, 010-4040-5050, false, 10000000131, 블록체인 스마트 컨트랙트, 신우진, 80000, 0, 190, 어려움
31, 신우진, shin.wj@example.com, pass5678, 010-4040-5050, false, 10000000231, Vue.js 라우터, 신우진, 48000, 0, 100, 보통
31, 신우진, shin.wj@example.com, pass5678, 010-4040-5050, false, 10000000331, Vue.js Vuex, 신우진, 50000, 0, 100, 보통
32, 권채은, kwon.ce@example.com, pass9012, 010-6060-7070, true, 10000000031, Vue.js 시작하기, 권채은, 47000, 0, 90, 보통
32, 권채은, kwon.ce@example.com, pass9012, 010-6060-7070, true, 10000000132, Vue.js 컴포넌트 개발, 권채은, 50000, 0, 100, 보통
32, 권채은, kwon.ce@example.com, pass9012, 010-6060-7070, true, 10000000232, 웹 크롤링 실전, 권채은, 40000, 0, 70, 쉬움
32, 권채은, kwon.ce@example.com, pass9012, 010-6060-7070, true, 10000000332, 웹 크롤링 데이터 분석, 권채은, 42000, 0, 80, 쉬움
33, 문서준, moon.sj@example.com, pass3456, 010-8080-9090, false, 10000000032, 웹 크롤링과 데이터 수집, 문서준, 39000, 0, 70, 쉬움
33, 문서준, moon.sj@example.com, pass3456, 010-8080-9090, false, 10000000133, 웹 스크래핑 고급, 문서준, 42000, 0, 80, 쉬움
33, 문서준, moon.sj@example.com, pass3456, 010-8080-9090, false, 10000000233, Go 언어 웹 프레임워크, 문서준, 55000, 0, 120, 보통
33, 문서준, moon.sj@example.com, pass3456, 010-8080-9090, false, 10000000333, Go 언어 테스트 주도 개발, 문서준, 58000, 0, 130, 보통
34, 강서진, kang.sj@example.com, pass7890, 010-1111-2222, false, 10000000033, Go 언어 프로그래밍, 강서진, 53000, 0, 120, 보통
34, 강서진, kang.sj@example.com, pass7890, 010-1111-2222, false, 10000000134, Go 언어 REST API 개발, 강서진, 58000, 0, 130, 보통
34, 강서진, kang.sj@example.com, pass7890, 010-1111-2222, false, 10000000234, UI/UX 와이어프레임, 강서진, 32000, 0, 50, 쉬움
34, 강서진, kang.sj@example.com, pass7890, 010-1111-2222, false, 10000000334, UI/UX 사용자 경험, 강서진, 35000, 0, 60, 쉬움
35, 김유찬, kim.yc@example.com, pass2345, 010-3333-4444, true, 10000000034, UI/UX 디자인 기초, 김유찬, 35000, 0, 60, 쉬움
35, 김유찬, kim.yc@example.com, pass2345, 010-3333-4444, true, 10000000135, UI/UX 프로토타이핑, 김유찬, 38000, 0, 70, 쉬움
35, 김유찬, kim.yc@example.com, pass2345, 010-3333-4444, true, 10000000235, AWS S3 스토리지, 김유찬, 80000, 0, 200, 어려움
35, 김유찬, kim.yc@example.com, pass2345, 010-3333-4444, true, 10000000335, AWS EC2 스케일링, 김유찬, 85000, 0, 200, 어려움
36, 박시연, park.sy2@example.com, pass6789, 010-5555-6666, false, 10000000035, AWS 클라우드 서비스, 박시연, 78000, 0, 190, 어려움
36, 박시연, park.sy2@example.com, pass6789, 010-5555-6666, false, 10000000136, AWS Lambda 서버리스, 박시연, 85000, 0, 200, 어려움
36, 박시연, park.sy2@example.com, pass6789, 010-5555-6666, false, 10000000236, C# LINQ, 박시연, 53000, 0, 110, 보통
36, 박시연, park.sy2@example.com, pass6789, 010-5555-6666, false, 10000000336, C# 비동기 프로그래밍, 박시연, 55000, 0, 120, 보통
37, 이로운, lee.rw@example.com, pass1234, 010-7777-8888, false, 10000000036, C# .NET 개발, 이로운, 51000, 0, 110, 보통
37, 이로운, lee.rw@example.com, pass1234, 010-7777-8888, false, 10000000137, C# ASP.NET Core, 이로운, 60000, 0, 150, 어려움
37, 이로운, lee.rw@example.com, pass1234, 010-7777-8888, false, 10000000237, 소프트웨어 테스트 자동화, 이로운, 65000, 0, 170, 어려움
37, 이로운, lee.rw@example.com, pass1234, 010-7777-8888, false, 10000000337, 소프트웨어 성능 테스트, 이로운, 70000, 0, 170, 어려움
38, 정소율, jung.sy@example.com, pass5678, 010-9999-0000, true, 10000000037, 소프트웨어 아키텍처, 정소율, 63000, 0, 170, 어려움
38, 정소율, jung.sy@example.com, pass5678, 010-9999-0000, true, 10000000138, 소프트웨어 품질 보증, 정소율, 70000, 0, 170, 어려움
38, 정소율, jung.sy@example.com, pass5678, 010-9999-0000, true, 10000000238, DevOps 모범 사례, 정소율, 60000, 0, 140, 보통
38, 정소율, jung.sy@example.com, pass5678, 010-9999-0000, true, 10000000338, DevOps 모니터링 시스템, 정소율, 62000, 0, 150, 보통
39, 최이현, choi.ih@example.com, pass9012, 010-1234-1234, false, 10000000038, DevOps 개요, 최이현, 57000, 0, 140, 보통
39, 최이현, choi.ih@example.com, pass9012, 010-1234-1234, false, 10000000139, DevOps 자동화, 최이현, 62000, 0, 140, 보통
39, 최이현, choi.ih@example.com, pass9012, 010-1234-1234, false, 10000000239, 양자 컴퓨팅 플랫폼, 최이현, 90000, 0, 200, 어려움
39, 최이현, choi.ih@example.com, pass9012, 010-1234-1234, false, 10000000339, 양자 컴퓨팅 보안, 최이현, 95000, 0, 200, 어려움
40, 조시후, jo.sh@example.com, pass3456, 010-5678-5678, false, 10000000039, 양자 컴퓨팅 입문, 조시후, 90000, 0, 200, 어려움
40, 조시후, jo.sh@example.com, pass3456, 010-5678-5678, false, 10000000140, 양자 컴퓨팅 알고리즘, 조시후, 95000, 0, 200, 어려움
40, 조시후, jo.sh@example.com, pass3456, 010-5678-5678, false, 10000000240, TypeScript 빌드 시스템, 조시후, 50000, 0, 100, 보통
40, 조시후, jo.sh@example.com, pass3456, 010-5678-5678, false, 10000000340, TypeScript 빌드 최적화, 조시후, 52000, 0, 110, 보통
41, 윤채아, yoon.ca@example.com, pass7890, 010-9012-9012, true, 10000000040, TypeScript 심화, 윤채아, 49000, 0, 100, 보통
41, 윤채아, yoon.ca@example.com, pass7890, 010-9012-9012, true, 10000000141, TypeScript 고급 타입, 윤채아, 52000, 0, 110, 보통
41, 윤채아, yoon.ca@example.com, pass7890, 010-9012-9012, true, 10000000241, Gitlab CI/CD, 윤채아, 35000, 0, 60, 쉬움
41, 윤채아, yoon.ca@example.com, pass7890, 010-9012-9012, true, 10000000341, GitHub 액션, 윤채아, 38000, 0, 70, 쉬움
42, 장하율, jang.hy@example.com, pass2345, 010-3456-3456, false, 10000000041, Git & GitHub 마스터, 장하율, 30000, 1, 50, 쉬움
42, 장하율, jang.hy@example.com, pass2345, 010-3456-3456, false, 10000000142, GitHub 협업 전략, 장하율, 35000, 0, 60, 쉬움
42, 장하율, jang.hy@example.com, pass2345, 010-3456-3456, false, 10000000242, Rust 비동기 프로그래밍, 장하율, 70000, 0, 170, 어려움
42, 장하율, jang.hy@example.com, pass2345, 010-3456-3456, false, 10000000342, Rust 시스템 보안, 장하율, 72000, 0, 180, 어려움
43, 임도현, lim.dh@example.com, pass6789, 010-7890-7890, false, 10000000042, Rust 언어 입문, 임도현, 60000, 0, 150, 어려움
43, 임도현, lim.dh@example.com, pass6789, 010-7890-7890, false, 10000000143, Rust 시스템 프로그래밍, 임도현, 70000, 0, 170, 어려움
43, 임도현, lim.dh@example.com, pass6789, 010-7890-7890, false, 10000000243, 웹소켓 서버 구축, 임도현, 48000, 0, 90, 보통
43, 임도현, lim.dh@example.com, pass6789, 010-7890-7890, false, 10000000343, 웹소켓 클라이언트, 임도현, 50000, 0, 100, 보통
44, 한아린, han.ar@example.com, pass1234, 010-1111-3333, true, 10000000043, 웹소켓 통신, 한아린, 45000, 0, 80, 보통
44, 한아린, han.ar@example.com, pass1234, 010-1111-3333, true, 10000000144, 웹RTC 실시간 통신, 한아린, 50000, 0, 100, 보통
44, 한아린, han.ar@example.com, pass1234, 010-1111-3333, true, 10000000244, Power BI 데이터 분석, 한아린, 55000, 0, 120, 보통
44, 한아린, han.ar@example.com, pass1234, 010-1111-3333, true, 10000000344, 데이터 시각화 라이브러리, 한아린, 58000, 0, 130, 보통
45, 오지훈, oh.jh@example.com, pass5678, 010-2222-4444, false, 10000000044, 데이터 시각화, 오지훈, 52000, 0, 110, 보통
45, 오지훈, oh.jh@example.com, pass5678, 010-2222-4444, false, 10000000145, Tableau 데이터 시각화, 오지훈, 60000, 0, 130, 보통
45, 오지훈, oh.jh@example.com, pass5678, 010-2222-4444, false, 10000000245, 테스트 리포트 작성, 오지훈, 60000, 0, 130, 보통
45, 오지훈, oh.jh@example.com, pass5678, 010-2222-4444, false, 10000000345, 테스트 전략, 오지훈, 62000, 0, 140, 보통
46, 송하준, song.hj@example.com, pass9012, 010-5555-7777, false, 10000000045, 테스트 주도 개발 (TDD), 송하준, 58000, 0, 130, 보통
46, 송하준, song.hj@example.com, pass9012, 010-5555-7777, false, 10000000146, 행동 주도 개발 (BDD), 송하준, 65000, 0, 150, 보통
46, 송하준, song.hj@example.com, pass9012, 010-5555-7777, false, 10000000246, 쿠버네티스 컨테이너 네트워크, 송하준, 80000, 0, 190, 어려움
46, 송하준, song.hj@example.com, pass9012, 010-5555-7777, false, 10000000346, 컨테이너 네트워크 보안, 송하준, 85000, 0, 200, 어려움
47, 신지유, shin.jy@example.com, pass3456, 010-8888-0000, true, 10000000046, 컨테이너 오케스트레이션, 신지유, 75000, 1, 180, 어려움
47, 신지유, shin.jy@example.com, pass3456, 010-8888-0000, true, 10000000147, 컨테이너 보안, 신지유, 80000, 0, 190, 어려움
47, 신지유, shin.jy@example.com, pass3456, 010-8888-0000, true, 10000000247, MSA 서비스 디스커버리, 신지유, 75000, 1, 180, 어려움
47, 신지유, shin.jy@example.com, pass3456, 010-8888-0000, true, 10000000347, 마이크로 서비스 메시, 신지유, 78000, 1, 190, 어려움
48, 권시율, kwon.sy@example.com, pass7890, 010-1000-2000, false, 10000000047, 마이크로 서비스 아키텍처, 권시율, 68000, 0, 170, 어려움
48, 권시율, kwon.sy@example.com, pass7890, 010-1000-2000, false, 10000000148, 마이크로 서비스 배포, 권시율, 72000, 0, 180, 어려움
48, 권시율, kwon.sy@example.com, pass7890, 010-1000-2000, false, 10000000248, Elixir 함수형 프로그래밍, 권시율, 50000, 0, 100, 보통
48, 권시율, kwon.sy@example.com, pass7890, 010-1000-2000, false, 10000000348, 함수형 언어 비교, 권시율, 52000, 0, 110, 보통
49, 문현우, moon.hw@example.com, pass2345, 010-3000-4000, false, 10000000048, 함수형 프로그래밍, 문현우, 42000, 0, 90, 보통
49, 문현우, moon.hw@example.com, pass2345, 010-3000-4000, false, 10000000149, 클로저 함수형 프로그래밍, 문현우, 48000, 0, 90, 보통
49, 문현우, moon.hw@example.com, pass2345, 010-3000-4000, false, 10000000249, 리액티브 시스템 설계, 문현우, 62000, 0, 150, 어려움
49, 문현우, moon.hw@example.com, pass2345, 010-3000-4000, false, 10000000349, 반응형 프로그래밍 고급, 문현우, 65000, 0, 160, 어려움
50, 강지환, kang.jh@example.com, pass6789, 010-5000-6000, true, 10000000049, 반응형 프로그래밍 (RxJS), 강지환, 53000, 0, 120, 보통
50, 강지환, kang.jh@example.com, pass6789, 010-5000-6000, true, 10000000150, RxJava 리액티브 프로그래밍, 강지환, 58000, 0, 140, 보통
50, 강지환, kang.jh@example.com, pass6789, 010-5000-6000, true, 10000000250, Go 언어 테스트, 강지환, 68000, 0, 160, 어려움
50, 강지환, kang.jh@example.com, pass6789, 010-5000-6000, true, 10000000350, Go 언어 서버리스, 강지환, 70000, 0, 170, 어려움
51, 김은서, kim.es@example.com, pass1234, 010-7000-8000, false, 10000000050, Go 언어 고급, 김은서, 65000, 0, 160, 어려움
51, 김은서, kim.es@example.com, pass1234, 010-7000-8000, false, 10000000151, Go 언어 분산 시스템, 김은서, 70000, 0, 170, 어려움
51, 김은서, kim.es@example.com, pass1234, 010-7000-8000, false, 10000000251, D3.js 차트 개발, 김은서, 55000, 0, 120, 보통
51, 김은서, kim.es@example.com, pass1234, 010-7000-8000, false, 10000000351, D3.js 지리 데이터 시각화, 김은서, 55000, 0, 120, 보통
52, 박민준, park.mj@example.com, pass5678, 010-9000-0000, false, 10000000051, D3.js 데이터 시각화, 박민준, 48000, 0, 100, 보통
52, 박민준, park.mj@example.com, pass5678, 010-9000-0000, false, 10000000152, D3.js 인터랙티브 시각화, 박민준, 52000, 0, 110, 보통
52, 박민준, park.mj@example.com, pass5678, 010-9000-0000, false, 10000000252, 웹팩 최적화, 박민준, 42000, 0, 80, 쉬움
52, 박민준, park.mj@example.com, pass5678, 010-9000-0000, false, 10000000352, 웹팩 모듈 개발, 박민준, 45000, 0, 90, 쉬움
53, 이서율, lee.sy@example.com, pass9012, 010-1234-5678, true, 10000000052, 웹팩과 모듈 번들러, 이서율, 37000, 0, 70, 쉬움
53, 이서율, lee.sy@example.com, pass9012, 010-1234-5678, true, 10000000153, 웹팩 플러그인 개발, 이서율, 40000, 0, 70, 쉬움
53, 이서율, lee.sy@example.com, pass9012, 010-1234-5678, true, 10000000253, Jenkins Groovy 스크립트, 이서율, 68000, 0, 170, 어려움
53, 이서율, lee.sy@example.com, pass9012, 010-1234-5678, true, 10000000353, Jenkins 대규모 빌드, 이서율, 72000, 0, 180, 어려움
54, 정현우, jung.hw@example.com, pass3456, 010-2345-6789, false, 10000000053, Jenkins CI/CD, 정현우, 60000, 0, 140, 보통
54, 정현우, jung.hw@example.com, pass3456, 010-2345-6789, false, 10000000154, Jenkins Git 통합, 정현우, 65000, 0, 150, 보통
54, 정현우, jung.hw@example.com, pass3456, 010-2345-6789, false, 10000000254, Kubernetes 스토리지, 정현우, 90000, 0, 200, 어려움
54, 정현우, jung.hw@example.com, pass3456, 010-2345-6789, false, 10000000354, Kubernetes 보안 정책, 정현우, 95000, 0, 200, 어려움
55, 최서현, choi.sh@example.com, pass7890, 010-3456-7890, false, 10000000054, Kubernetes 실전, 최서현, 80000, 0, 200, 어려움
55, 최서현, choi.sh@example.com, pass7890, 010-3456-7890, false, 10000000155, Kubernetes 서비스 메시, 최서현, 85000, 0, 200, 어려움
55, 최서현, choi.sh@example.com, pass7890, 010-3456-7890, false, 10000000255, GraphQL 인증/인가, 최서현, 62000, 0, 140, 보통
55, 최서현, choi.sh@example.com, pass7890, 010-3456-7890, false, 10000000355, GraphQL 스키마 설계, 최서현, 65000, 0, 150, 보통
56, 조수아, jo.sa@example.com, pass2345, 010-4567-8901, true, 10000000055, GraphQL API 개발, 조수아, 55000, 0, 130, 보통
56, 조수아, jo.sa@example.com, pass2345, 010-4567-8901, true, 10000000156, GraphQL 서브스크립션, 조수아, 60000, 0, 130, 보통
56, 조수아, jo.sa@example.com, pass2345, 010-4567-8901, true, 10000000256, Rust 임베디드 개발, 조수아, 70000, 0, 170, 어려움
56, 조수아, jo.sa@example.com, pass2345, 010-4567-8901, true, 10000000356, Rust 웹 프레임워크, 조수아, 72000, 0, 180, 어려움
57, 윤도윤, yoon.dy@example.com, pass6789, 010-5678-9012, false, 10000000056, Rust 웹 개발, 윤도윤, 62000, 0, 150, 어려움
57, 윤도윤, yoon.dy@example.com, pass6789, 010-5678-9012, false, 10000000157, Rust 게임 개발, 윤도윤, 68000, 0, 160, 어려움
57, 윤도윤, yoon.dy@example.com, pass6789, 010-5678-9012, false, 10000000257, Vue.js PWA, 윤도윤, 48000, 0, 90, 쉬움
57, 윤도윤, yoon.dy@example.com, pass6789, 010-5678-9012, false, 10000000357, Vue.js 서버사이드 렌더링, 윤도윤, 50000, 0, 100, 보통
58, 장하은, jang.he@example.com, pass1234, 010-6789-0123, false, 10000000057, Vuex 상태 관리, 장하은, 42000, 0, 80, 쉬움
58, 장하은, jang.he@example.com, pass1234, 010-6789-0123, false, 10000000158, Vuex 모듈 설계, 장하은, 45000, 0, 90, 쉬움
58, 장하은, jang.he@example.com, pass1234, 010-6789-0123, false, 10000000258, Node.js 보안, 장하은, 58000, 0, 130, 보통
58, 장하은, jang.he@example.com, pass1234, 010-6789-0123, false, 10000000358, Node.js Microservices, 장하은, 60000, 0, 140, 보통
59, 임시우, lim.sw@example.com, pass5678, 010-7890-1234, true, 10000000058, Node.js 심화, 임시우, 50000, 0, 110, 보통
59, 임시우, lim.sw@example.com, pass5678, 010-7890-1234, true, 10000000159, Node.js 실시간 채팅, 임시우, 55000, 0, 120, 보통
59, 임시우, lim.sw@example.com, pass5678, 010-7890-1234, true, 10000000259, 서버리스 배포, 임시우, 80000, 0, 190, 어려움
59, 임시우, lim.sw@example.com, pass5678, 010-7890-1234, true, 10000000359, 서버리스 고급 패턴, 임시우, 85000, 0, 200, 어려움
60, 한지우, han.jw@example.com, pass9012, 010-8901-2345, false, 10000000059, 서버리스 아키텍처, 한지우, 70000, 1, 170, 어려움
60, 한지우, han.jw@example.com, pass9012, 010-8901-2345, false, 10000000160, 서버리스 보안, 한지우, 75000, 0, 180, 어려움
60, 한지우, han.jw@example.com, pass9012, 010-8901-2345, false, 10000000260, Cassandra 데이터베이스, 한지우, 50000, 0, 100, 보통
60, 한지우, han.jw@example.com, pass9012, 010-8901-2345, false, 10000000360, Redis 데이터베이스, 한지우, 52000, 0, 110, 보통
61, 오은서, oh.es@example.com, pass3456, 010-9012-3456, false, 10000000060, NoSQL 데이터베이스, 오은서, 45000, 0, 90, 보통
61, 오은서, oh.es@example.com, pass3456, 010-9012-3456, false, 10000000161, MongoDB 스키마 설계, 오은서, 48000, 0, 100, 보통
61, 오은서, oh.es@example.com, pass3456, 010-9012-3456, false, 10000000261, Jenkins 플러그인 개발, 오은서, 65000, 0, 160, 어려움
61, 오은서, oh.es@example.com, pass3456, 010-9012-3456, false, 10000000361, Jenkins 파이프라인 최적화, 오은서, 68000, 0, 170, 어려움
62, 송준서, song.js@example.com, pass7890, 010-0123-4567, true, 10000000061, Jenkins 파이프라인, 송준서, 58000, 1, 130, 보통
62, 송준서, song.js@example.com, pass7890, 010-0123-4567, true, 10000000162, Jenkins 공유 라이브러리, 송준서, 62000, 0, 140, 보통
62, 송준서, song.js@example.com, pass7890, 010-0123-4567, true, 10000000262, Go 언어 마이크로서비스 테스트, 송준서, 72000, 0, 180, 어려움
62, 송준서, song.js@example.com, pass7890, 010-0123-4567, true, 10000000362, Go 언어 분산 추적, 송준서, 75000, 0, 190, 어려움
63, 신예원, shin.yw@example.com, pass2345, 010-1122-3344, false, 10000000062, Go 언어 동시성, 신예원, 65000, 0, 160, 어려움
63, 신예원, shin.yw@example.com, pass2345, 010-1122-3344, false, 10000000163, Go 언어 마이크로서비스, 신예원, 70000, 0, 170, 어려움
63, 신예원, shin.yw@example.com, pass2345, 010-1122-3344, false, 10000000263, 반응형 이미지, 신예원, 38000, 0, 70, 쉬움
63, 신예원, shin.yw@example.com, pass2345, 010-1122-3344, false, 10000000363, 반응형 컴포넌트, 신예원, 42000, 0, 80, 쉬움
64, 권예준, kwon.yj@example.com, pass6789, 010-2233-4455, false, 10000000063, 프로그레시브 웹 앱, 권예준, 40000, 0, 80, 보통
64, 권예준, kwon.yj@example.com, pass6789, 010-2233-4455, false, 10000000164, 반응형 웹 디자인 심화, 권예준, 42000, 0, 80, 보통
64, 권예준, kwon.yj@example.com, pass6789, 010-2233-4455, false, 10000000264, 웹팩 성능 분석, 권예준, 52000, 0, 110, 보통
64, 권예준, kwon.yj@example.com, pass6789, 010-2233-4455, false, 10000000364, 웹 성능 진단, 권예준, 55000, 0, 120, 보통
65, 문수민, moon.sm@example.com, pass1234, 010-3344-5566, true, 10000000064, 웹 성능 최적화, 문수민, 52000, 0, 100, 보통
65, 문수민, moon.sm@example.com, pass1234, 010-3344-5566, true, 10000000165, 웹팩 고급 설정, 문수민, 55000, 0, 110, 보통
65, 문수민, moon.sm@example.com, pass1234, 010-3344-5566, true, 10000000265, GraphQL 에러 처리, 문수민, 45000, 0, 90, 쉬움
65, 문수민, moon.sm@example.com, pass1234, 010-3344-5566, true, 10000000365, GraphQL 고급, 문수민, 48000, 0, 90, 쉬움
67, 김유진, kim.yj@example.com, pass9012, 010-5566-7788, false, 10000000066, 시스템 설계 기초, 김유진, 72000, 0, 180, 어려움
67, 김유진, kim.yj@example.com, pass9012, 010-5566-7788, false, 10000000167, 시스템 설계 심화, 김유진, 80000, 0, 200, 어려움
67, 김유진, kim.yj@example.com, pass9012, 010-5566-7788, false, 10000000267, 웹툰/웹소설 백엔드, 김유진, 55000, 0, 120, 보통
67, 김유진, kim.yj@example.com, pass9012, 010-5566-7788, false, 10000000367, 웹툰/웹소설 프론트엔드, 김유진, 52000, 0, 110, 보통
68, 박민지, park.mj2@example.com, pass3456, 010-6677-8899, true, 10000000067, 웹툰/웹소설 서비스 개발, 박민지, 50000, 0, 120, 보통
68, 박민지, park.mj2@example.com, pass3456, 010-6677-8899, true, 10000000168, 네트워크 프로토콜 분석, 박민지, 65000, 0, 160, 어려움
68, 박민지, park.mj2@example.com, pass3456, 010-6677-8899, true, 10000000268, 네트워크 프로토콜 구현, 박민지, 70000, 0, 170, 어려움
68, 박민지, park.mj2@example.com, pass3456, 010-6677-8899, true, 10000000368, 네트워크 프로그래밍 심화, 박민지, 68000, 0, 170, 어려움
69, 이동현, lee.dh@example.com, pass7890, 010-7788-9900, false, 10000000068, 네트워크 프로그래밍, 이동현, 60000, 0, 150, 어려움
69, 이동현, lee.dh@example.com, pass7890, 010-7788-9900, false, 10000000169, AI 개발 윤리, 이동현, 40000, 0, 70, 쉬움
69, 이동현, lee.dh@example.com, pass7890, 010-7788-9900, false, 10000000269, AI 개발 윤리 사례, 이동현, 32000, 0, 50, 쉬움
69, 이동현, lee.dh@example.com, pass7890, 010-7788-9900, false, 10000000369, AI 모델 배포 윤리, 이동현, 35000, 0, 60, 쉬움
70, 정채원, jung.cw@example.com, pass2345, 010-8899-0011, false, 10000000069, AI 윤리 및 책임, 정채원, 35000, 0, 60, 쉬움
70, 정채원, jung.cw@example.com, pass2345, 010-8899-0011, false, 10000000170, 로봇 운영체제(ROS), 정채원, 85000, 0, 200, 어려움
70, 정채원, jung.cw@example.com, pass2345, 010-8899-0011, false, 10000000270, 로봇 제어 시스템, 정채원, 90000, 0, 200, 어려움
70, 정채원, jung.cw@example.com, pass2345, 010-8899-0011, false, 10000000370, 로봇 비전, 정채원, 95000, 0, 200, 어려움
71, 최하준, choi.hj@example.com, pass6789, 010-9900-1122, true, 10000000070, 로봇 공학 기초, 최하준, 75000, 0, 190, 어려움
71, 최하준, choi.hj@example.com, pass6789, 010-9900-1122, true, 10000000171, 데이터베이스 복제, 최하준, 50000, 0, 100, 보통
71, 최하준, choi.hj@example.com, pass6789, 010-9900-1122, true, 10000000271, 데이터베이스 샤딩, 최하준, 55000, 0, 120, 보통
71, 최하준, choi.hj@example.com, pass6789, 010-9900-1122, true, 10000000371, 데이터베이스 클러스터, 최하준, 58000, 0, 130, 보통
72, 조아윤, jo.ay@example.com, pass1234, 010-0011-2233, false, 10000000071, 데이터베이스 보안, 조아윤, 45000, 0, 90, 보통
72, 조아윤, jo.ay@example.com, pass1234, 010-0011-2233, false, 10000000172, DevOps 모니터링, 조아윤, 70000, 0, 180, 어려움
72, 조아윤, jo.ay@example.com, pass1234, 010-0011-2233, false, 10000000272, DevOps 보안, 조아윤, 75000, 0, 190, 어려움
72, 조아윤, jo.ay@example.com, pass1234, 010-0011-2233, false, 10000000372, DevOps 클라우드, 조아윤, 80000, 0, 190, 어려움
73, 윤건우, yoon.gw@example.com, pass5678, 010-1010-2020, false, 10000000072, DevOps 파이프라인, 윤건우, 68000, 0, 170, 어려움
73, 윤건우, yoon.gw@example.com, pass5678, 010-1010-2020, false, 10000000173, 클린 아키텍처, 윤건우, 45000, 0, 90, 쉬움
73, 윤건우, yoon.gw@example.com, pass5678, 010-1010-2020, false, 10000000273, 클린 코드 리팩토링, 윤건우, 42000, 0, 80, 쉬움
73, 윤건우, yoon.gw@example.com, pass5678, 010-1010-2020, false, 10000000373, 클린 코드 원칙 실전, 윤건우, 45000, 0, 90, 쉬움
74, 장채민, jang.cm@example.com, pass9012, 010-3030-4040, true, 10000000073, 클린 코드 원칙, 장채민, 40000, 0, 80, 쉬움
74, 장채민, jang.cm@example.com, pass9012, 010-3030-4040, true, 10000000174, 디자인 패턴 실무, 장채민, 60000, 0, 140, 보통
74, 장채민, jang.cm@example.com, pass9012, 010-3030-4040, true, 10000000274, 디자인 패턴 실전 프로젝트, 장채민, 60000, 0, 150, 보통
74, 장채민, jang.cm@example.com, pass9012, 010-3030-4040, true, 10000000374, 디자인 패턴 고급, 장채민, 62000, 0, 150, 보통
75, 임다은, lim.de@example.com, pass3456, 010-5050-6060, false, 10000000074, 디자인 패턴 심화, 임다은, 55000, 0, 130, 보통
75, 임다은, lim.de@example.com, pass3456, 010-5050-6060, false, 10000000175, 분산 트랜잭션, 임다은, 90000, 0, 200, 어려움
75, 임다은, lim.de@example.com, pass3456, 010-5050-6060, false, 10000000275, 분산 시스템 일관성, 임다은, 95000, 0, 200, 어려움
75, 임다은, lim.de@example.com, pass3456, 010-5050-6060, false, 10000000375, 분산 시스템 장애 내성, 임다은, 100000, 0, 200, 어려움
76, 한다영, han.dy@example.com, pass7890, 010-7070-8080, false, 10000000075, 분산 시스템 개요, 한다영, 80000, 0, 200, 어려움
76, 한다영, han.dy@example.com, pass7890, 010-7070-8080, false, 10000000176, 웹 접근성 검사, 한다영, 35000, 0, 60, 쉬움
76, 한다영, han.dy@example.com, pass7890, 010-7070-8080, false, 10000000276, 웹 접근성 도구, 한다영, 30000, 0, 50, 쉬움
76, 한다영, han.dy@example.com, pass7890, 010-7070-8080, false, 10000000376, 웹 접근성 지침, 한다영, 32000, 0, 50, 쉬움
77, 오준혁, oh.jh2@example.com, pass2345, 010-9090-0000, true, 10000000076, 웹 접근성, 오준혁, 30000, 0, 50, 쉬움
77, 오준혁, oh.jh2@example.com, pass2345, 010-9090-0000, true, 10000000177, 리액트 네이티브 성능 최적화, 오준혁, 65000, 0, 160, 어려움
77, 오준혁, oh.jh2@example.com, pass2345, 010-9090-0000, true, 10000000277, 리액트 네이티브 CI/CD, 오준혁, 70000, 0, 170, 어려움
77, 오준혁, oh.jh2@example.com, pass2345, 010-9090-0000, true, 10000000377, 리액트 네이티브 성능 분석, 오준혁, 72000, 0, 180, 어려움
78, 송민서, song.ms@example.com, pass6789, 010-1212-3434, false, 10000000077, 리액트 네이티브, 송민서, 60000, 0, 140, 보통
78, 송민서, song.ms@example.com, pass6789, 010-1212-3434, false, 10000000178, 마이크로서비스 로깅, 송민서, 55000, 0, 120, 보통
78, 송민서, song.ms@example.com, pass6789, 010-1212-3434, false, 10000000278, 마이크로서비스 트레이싱, 송민서, 60000, 0, 140, 보통
78, 송민서, song.ms@example.com, pass6789, 010-1212-3434, false, 10000000378, 마이크로서비스 모니터링, 송민서, 60000, 0, 140, 보통
79, 신지아, shin.ja@example.com, pass1234, 010-5656-7878, false, 10000000078, 마이크로서비스 테스트, 신지아, 52000, 0, 110, 보통
79, 신지아, shin.ja@example.com, pass1234, 010-5656-7878, false, 10000000179, 클라우드 비용 관리, 신지아, 80000, 0, 190, 어려움
79, 신지아, shin.ja@example.com, pass1234, 010-5656-7878, false, 10000000279, 클라우드 자원 관리, 신지아, 85000, 0, 200, 어려움
79, 신지아, shin.ja@example.com, pass1234, 010-5656-7878, false, 10000000379, 클라우드 자원 최적화, 신지아, 85000, 0, 200, 어려움
80, 권승우, kwon.sw@example.com, pass5678, 010-9090-1010, true, 10000000079, 클라우드 네이티브 개발, 권승우, 78000, 0, 190, 어려움
80, 권승우, kwon.sw@example.com, pass5678, 010-9090-1010, true, 10000000180, C++ 고급 자료구조, 권승우, 62000, 0, 150, 어려움
80, 권승우, kwon.sw@example.com, pass5678, 010-9090-1010, true, 10000000280, C++ 디자인 패턴, 권승우, 68000, 0, 160, 어려움
80, 권승우, kwon.sw@example.com, pass5678, 010-9090-1010, true, 10000000380, C++ 템플릿 고급, 권승우, 70000, 0, 170, 어려움
81, 문유나, moon.yn@example.com, pass9012, 010-2020-3030, false, 10000000080, C++ 템플릿 프로그래밍, 문유나, 58000, 0, 120, 보통
81, 문유나, moon.yn@example.com, pass9012, 010-2020-3030, false, 10000000181, 웹 어셈블리 성능, 문유나, 48000, 0, 100, 보통
81, 문유나, moon.yn@example.com, pass9012, 010-2020-3030, false, 10000000281, 웹 어셈블리 프레임워크, 문유나, 50000, 0, 100, 보통
81, 문유나, moon.yn@example.com, pass9012, 010-2020-3030, false, 10000000381, 웹 어셈블리 개발 환경, 문유나, 52000, 0, 110, 보통
82, 강재원, kang.jw2@example.com, pass3456, 010-4040-5050, false, 10000000081, 웹 어셈블리, 강재원, 45000, 0, 90, 보통
82, 강재원, kang.jw2@example.com, pass3456, 010-4040-5050, false, 10000000182, 데이터 품질 관리, 강재원, 70000, 0, 170, 어려움
82, 강재원, kang.jw2@example.com, pass3456, 010-4040-5050, false, 10000000282, 데이터 품질 보증, 강재원, 75000, 0, 180, 어려움
82, 강재원, kang.jw2@example.com, pass3456, 010-4040-5050, false, 10000000382, 데이터 품질 지표, 강재원, 78000, 0, 190, 어려움
83, 김서아, kim.sa@example.com, pass7890, 010-6060-7070, true, 10000000082, 데이터 거버넌스, 김서아, 65000, 0, 160, 어려움
83, 김서아, kim.sa@example.com, pass7890, 010-6060-7070, true, 10000000183, 머신러닝 파이프라인, 김서아, 75000, 0, 180, 어려움
83, 김서아, kim.sa@example.com, pass7890, 010-6060-7070, true, 10000000283, 머신러닝 모델 서빙, 김서아, 80000, 0, 200, 어려움
83, 김서아, kim.sa@example.com, pass7890, 010-6060-7070, true, 10000000383, 머신러닝 시스템 설계, 김서아, 82000, 0, 200, 어려움
84, 박윤서, park.ys@example.com, pass2345, 010-8080-9090, false, 10000000083, 머신러닝 배포, 박윤서, 70000, 0, 180, 어려움
84, 박윤서, park.ys@example.com, pass2345, 010-8080-9090, false, 10000000184, 프로그래밍 패러다임 비교, 박윤서, 45000, 0, 90, 쉬움
84, 박윤서, park.ys@example.com, pass2345, 010-8080-9090, false, 10000000284, 프로그래밍 패러다임 선택, 박윤서, 48000, 0, 90, 쉬움
84, 박윤서, park.ys@example.com, pass2345, 010-8080-9090, false, 10000000384, 프로그래밍 패러다임 전환, 박윤서, 50000, 0, 100, 보통
85, 이우진, lee.wj@example.com, pass6789, 010-1111-2222, false, 10000000084, 프로그래밍 패러다임, 이우진, 40000, 0, 70, 쉬움
85, 이우진, lee.wj@example.com, pass6789, 010-1111-2222, false, 10000000185, Go 언어 CLI 개발, 이우진, 58000, 0, 130, 보통
85, 이우진, lee.wj@example.com, pass6789, 010-1111-2222, false, 10000000285, Go 언어 gRPC, 이우진, 62000, 0, 150, 보통
85, 이우진, lee.wj@example.com, pass6789, 010-1111-2222, false, 10000000385, Go 언어 마이크로프레임워크, 이우진, 65000, 0, 160, 어려움
86, 정채은, jung.ce@example.com, pass1234, 010-3333-4444, true, 10000000085, Go 언어 웹 개발, 정채은, 55000, 0, 130, 보통
86, 정채은, jung.ce@example.com, pass1234, 010-3333-4444, true, 10000000186, 분산 캐싱 시스템, 정채은, 80000, 0, 190, 어려움
86, 정채은, jung.ce@example.com, pass1234, 010-3333-4444, true, 10000000286, 분산 큐 시스템, 정채은, 90000, 0, 200, 어려움
86, 정채은, jung.ce@example.com, pass1234, 010-3333-4444, true, 10000000386, 분산 캐싱 전략, 정채은, 95000, 0, 200, 어려움
87, 최서준, choi.sj@example.com, pass5678, 010-5555-6666, false, 10000000086, 분산 데이터베이스, 최서준, 75000, 0, 200, 어려움
87, 최서준, choi.sj@example.com, pass5678, 010-5555-6666, false, 10000000187, 웹훅 보안, 최서준, 40000, 0, 70, 쉬움
87, 최서준, choi.sj@example.com, pass5678, 010-5555-6666, false, 10000000287, 웹훅 모니터링, 최서준, 35000, 0, 60, 쉬움
87, 최서준, choi.sj@example.com, pass5678, 010-5555-6666, false, 10000000387, 웹훅 테스트, 최서준, 38000, 0, 70, 쉬움
88, 조서진, jo.sj@example.com, pass9012, 010-7777-8888, false, 10000000087, 웹훅과 API 연동, 조서진, 38000, 0, 60, 쉬움
88, 조서진, jo.sj@example.com, pass9012, 010-7777-8888, false, 10000000188, 리액트 SSR 구현, 조서진, 52000, 0, 110, 보통
88, 조서진, jo.sj@example.com, pass9012, 010-7777-8888, false, 10000000288, 리액트 Context API, 조서진, 55000, 0, 120, 보통
88, 조서진, jo.sj@example.com, pass9012, 010-7777-8888, false, 10000000388, 리액트 Hook 심화, 조서진, 58000, 0, 130, 보통
89, 윤유찬, yoon.yc@example.com, pass3456, 010-9999-0000, true, 10000000088, 리액트 심화, 윤유찬, 50000, 0, 100, 보통
89, 윤유찬, yoon.yc@example.com, pass3456, 010-9999-0000, true, 10000000189, 클라우드 재해 복구, 윤유찬, 72000, 0, 170, 어려움
89, 윤유찬, yoon.yc@example.com, pass3456, 010-9999-0000, true, 10000000289, 클라우드 부하 분산, 윤유찬, 78000, 0, 190, 어려움
89, 윤유찬, yoon.yc@example.com, pass3456, 010-9999-0000, true, 10000000389, 클라우드 재해 복구 계획, 윤유찬, 82000, 0, 200, 어려움
90, 장시연, jang.sy2@example.com, pass7890, 010-1234-1234, false, 10000000089, 클라우드 보안, 장시연, 62000, 0, 150, 어려움
90, 장시연, jang.sy2@example.com, pass7890, 010-1234-1234, false, 10000000190, TDD 프레임워크 활용, 장시연, 45000, 0, 90, 쉬움
90, 장시연, jang.sy2@example.com, pass7890, 010-1234-1234, false, 10000000290, TDD 고급 기법, 장시연, 48000, 0, 100, 보통
90, 장시연, jang.sy2@example.com, pass7890, 010-1234-1234, false, 10000000390, TDD 실전 프로젝트, 장시연, 50000, 0, 100, 보통
91, 임로운, lim.rw@example.com, pass2345, 010-5678-5678, false, 10000000090, TDD 실전 적용, 임로운, 42000, 0, 80, 보통
91, 임로운, lim.rw@example.com, pass2345, 010-5678-5678, false, 10000000191, 웹 성능 진단 도구, 임로운, 55000, 0, 120, 보통
91, 임로운, lim.rw@example.com, pass2345, 010-5678-5678, false, 10000000291, 웹 성능 지표, 임로운, 58000, 0, 130, 보통
91, 임로운, lim.rw@example.com, pass2345, 010-5678-5678, false, 10000000391, 웹 성능 진단 보고서, 임로운, 60000, 0, 140, 보통
92, 한소율, han.sy@example.com, pass6789, 010-9012-9012, true, 10000000091, 웹 성능 모니터링, 한소율, 53000, 0, 110, 보통
92, 한소율, han.sy@example.com, pass6789, 010-9012-9012, true, 10000000192, 클라우드 비용 분석, 한소율, 68000, 0, 160, 어려움
92, 한소율, han.sy@example.com, pass6789, 010-9012-9012, true, 10000000292, 클라우드 최적화 도구, 한소율, 70000, 0, 170, 어려움
92, 한소율, han.sy@example.com, pass6789, 010-9012-9012, true, 10000000392, 클라우드 보안 아키텍처, 한소율, 75000, 0, 180, 어려움
93, 오이현, oh.ih@example.com, pass1234, 010-3456-3456, false, 10000000092, 클라우드 아키텍처, 오이현, 70000, 0, 170, 어려움
93, 오이현, oh.ih@example.com, pass1234, 010-3456-3456, false, 10000000193, C++ Concurrency, 오이현, 62000, 0, 150, 어려움
93, 오이현, oh.ih@example.com, pass1234, 010-3456-3456, false, 10000000293, C++ Boost 라이브러리, 오이현, 65000, 0, 160, 어려움
93, 오이현, oh.ih@example.com, pass1234, 010-3456-3456, false, 10000000393, C++ Boost 활용, 오이현, 68000, 0, 170, 어려움
94, 송시후, song.sh@example.com, pass5678, 010-7890-7890, false, 10000000093, C++ 메타프로그래밍, 송시후, 60000, 0, 140, 어려움
94, 송시후, song.sh@example.com, pass5678, 010-7890-7890, false, 10000000194, 젠킨스 보안, 송시후, 50000, 0, 100, 보통
94, 송시후, song.sh@example.com, pass5678, 010-7890-7890, false, 10000000294, 젠킨스 분산 빌드, 송시후, 55000, 0, 120, 보통
94, 송시후, song.sh@example.com, pass5678, 010-7890-7890, false, 10000000394, 젠킨스 파이프라인 관리, 송시후, 58000, 0, 130, 보통
95, 신채아, shin.ca@example.com, pass9012, 010-1111-3333, true, 10000000094, 젠킨스 고급 파이프라인, 신채아, 55000, 0, 120, 보통
95, 신채아, shin.ca@example.com, pass9012, 010-1111-3333, true, 10000000195, 데이터 거버넌스 프레임워크, 신채아, 75000, 0, 180, 어려움
95, 신채아, shin.ca@example.com, pass9012, 010-1111-3333, true, 10000000295, 데이터 거버넌스 규제, 신채아, 80000, 0, 190, 어려움
95, 신채아, shin.ca@example.com, pass9012, 010-1111-3333, true, 10000000395, 데이터 거버넌스 도구, 신채아, 82000, 0, 200, 어려움
96, 권하율, kwon.hy@example.com, pass3456, 010-2222-4444, false, 10000000095, 데이터 모델링, 권하율, 45000, 0, 90, 쉬움
96, 권하율, kwon.hy@example.com, pass3456, 010-2222-4444, false, 10000000196, 소프트웨어 메트릭스, 권하율, 42000, 0, 80, 쉬움
96, 권하율, kwon.hy@example.com, pass3456, 010-2222-4444, false, 10000000296, 소프트웨어 복잡도 측정, 권하율, 45000, 0, 90, 쉬움
96, 권하율, kwon.hy@example.com, pass3456, 010-2222-4444, false, 10000000396, 소프트웨어 복잡도 분석, 권하율, 48000, 0, 90, 쉬움
97, 문도현, moon.dh2@example.com, pass1234, 010-5555-7777, false, 10000000096, 소프트웨어 품질 관리, 문도현, 68000, 0, 160, 어려움
97, 문도현, moon.dh2@example.com, pass1234, 010-5555-7777, false, 10000000197, 애자일 스케일링, 문도현, 78000, 0, 200, 어려움
97, 문도현, moon.dh2@example.com, pass1234, 010-5555-7777, false, 10000000297, 애자일 코칭, 문도현, 85000, 0, 200, 어려움
97, 문도현, moon.dh2@example.com, pass1234, 010-5555-7777, false, 10000000397, 애자일 팀 빌딩, 문도현, 90000, 0, 200, 어려움
98, 강아린, kang.ar@example.com, pass2345, 010-8888-0000, true, 10000000097, 애자일 개발 방법론, 강아린, 40000, 0, 70, 쉬움
98, 강아린, kang.ar@example.com, pass2345, 010-8888-0000, true, 10000000198, 서비스 메쉬 고급, 강아린, 50000, 0, 100, 보통
98, 강아린, kang.ar@example.com, pass2345, 010-8888-0000, true, 10000000298, 서비스 메쉬 실전, 강아린, 55000, 0, 110, 보통
98, 강아린, kang.ar@example.com, pass2345, 010-8888-0000, true, 10000000398, 서비스 메쉬 고급 패턴, 강아린, 60000, 0, 140, 보통
99, 김지훈, kim.jh2@example.com, pass6789, 010-1000-2000, false, 10000000098, 서비스 메시, 김지훈, 72000, 0, 180, 어려움
99, 김지훈, kim.jh2@example.com, pass6789, 010-1000-2000, false, 10000000199, ELK 스택 보안, 김지훈, 60000, 0, 140, 보통
99, 김지훈, kim.jh2@example.com, pass6789, 010-1000-2000, false, 10000000299, ELK 스택 최적화, 김지훈, 65000, 0, 150, 어려움
99, 김지훈, kim.jh2@example.com, pass6789, 010-1000-2000, false, 10000000399, ELK 스택 모니터링, 김지훈, 70000, 0, 170, 어려움
100, 박하준, park.hj@example.com, pass1234, 010-3000-4000, false, 10000000099, ELK 스택 활용, 박하준, 50000, 0, 100, 보통
100, 박하준, park.hj@example.com, pass1234, 010-3000-4000, false, 10000000200, 클라우드 비용 최적화 전략, 박하준, 70000, 0, 170, 어려움
100, 박하준, park.hj@example.com, pass1234, 010-3000-4000, false, 10000000300, 클라우드 비용 효율화, 박하준, 75000, 0, 180, 어려움
100, 박하준, park.hj@example.com, pass1234, 010-3000-4000, false, 10000000400, 클라우드 비용 효율화 전략, 박하준, 80000, 0, 190, 어려움
101, 이별, lee.byul@example.com, pass5678, 010-5000-6000, true, 10000000100, 클라우드 비용 최적화, 이별, 60000, 0, 150, 보통
101, 이별, lee.byul@example.com, pass5678, 010-5000-6000, true, 10000000201, API 게이트웨이 보안, 이별, 65000, 0, 160, 어려움
101, 이별, lee.byul@example.com, pass5678, 010-5000-6000, true, 10000000301, API 게이트웨이 성능, 이별, 70000, 0, 170, 어려움
101, 이별, lee.byul@example.com, pass5678, 010-5000-6000, true, 10000000401, API 게이트웨이 캐싱, 이별, 72000, 0, 180, 어려움
